Workbook

Sheet Bicep Curl
A1: Test | B1: True Reps | C1: Measured Reps | D1: Error | E1: Absolute Error | G1: Mean Error= | H1: =AVERAGE(D2:D21) -> 0.05 | J1: Error | K1: Frequency
A2: 1 | B2: 15 | C2: 15 | D2: =Table110[[#This Row],[Measured Reps]]-Table110[[#This Row],[True Reps]] -> 0 | E2: =ABS(Table110[[#This Row],[Error]]) -> 0 | G2: Mean of Absolute Error = | H2: =AVERAGE(E2:E21) -> 0.05 | J2: -2 | K2: =COUNTIF($D$2:$D$21,J2) -> 0
A3: 2 | B3: 15 | C3: 16 | D3: =Table110[[#This Row],[Measured Reps]]-Table110[[#This Row],[True Reps]] -> 1 | E3: =ABS(Table110[[#This Row],[Error]]) -> 1 | G3: Standard Deviation of Error = | H3: =_xlfn.STDEV.S(D2:D21) -> 0.2236068 | J3: -1 | K3: =COUNTIF($D$2:$D$21,J3) -> 0
A4: 3 | B4: 15 | C4: 15 | D4: =Table110[[#This Row],[Measured Reps]]-Table110[[#This Row],[True Reps]] -> 0 | E4: =ABS(Table110[[#This Row],[Error]]) -> 0 | G4: Mean of True/Actual Reps = | H4: =AVERAGE(B2:B21) -> 10.2 | J4: 0 | K4: =COUNTIF($D$2:$D$21,J4) -> 19
A5: 4 | B5: 15 | C5: 15 | D5: =Table110[[#This Row],[Measured Reps]]-Table110[[#This Row],[True Reps]] -> 0 | E5: =ABS(Table110[[#This Row],[Error]]) -> 0 | G5: Device Accuracy = | H5: =1-(H2/H4) -> 0.99509804 | J5: 1 | K5: =COUNTIF($D$2:$D$21,J5) -> 1
A6: 5 | B6: 12 | C6: 12 | D6: =Table110[[#This Row],[Measured Reps]]-Table110[[#This Row],[True Reps]] -> 0 | E6: =ABS(Table110[[#This Row],[Error]]) -> 0 | J6: 2 | K6: =COUNTIF($D$2:$D$21,J6) -> 0
A7: 6 | B7: 12 | C7: 12 | D7: =Table110[[#This Row],[Measured Reps]]-Table110[[#This Row],[True Reps]] -> 0 | E7: =ABS(Table110[[#This Row],[Error]]) -> 0
A8: 7 | B8: 12 | C8: 12 | D8: =Table110[[#This Row],[Measured Reps]]-Table110[[#This Row],[True Reps]] -> 0 | E8: =ABS(Table110[[#This Row],[Error]]) -> 0
A9: 8 | B9: 12 | C9: 12 | D9: =Table110[[#This Row],[Measured Reps]]-Table110[[#This Row],[True Reps]] -> 0 | E9: =ABS(Table110[[#This Row],[Error]]) -> 0
A10: 9 | B10: 10 | C10: 10 | D10: =Table110[[#This Row],[Measured Reps]]-Table110[[#This Row],[True Reps]] -> 0 | E10: =ABS(Table110[[#This Row],[Error]]) -> 0
A11: 10 | B11: 10 | C11: 10 | D11: =Table110[[#This Row],[Measured Reps]]-Table110[[#This Row],[True Reps]] -> 0 | E11: =ABS(Table110[[#This Row],[Error]]) -> 0
A12: 11 | B12: 10 | C12: 10 | D12: =Table110[[#This Row],[Measured Reps]]-Table110[[#This Row],[True Reps]] -> 0 | E12: =ABS(Table110[[#This Row],[Error]]) -> 0
A13: 12 | B13: 10 | C13: 10 | D13: =Table110[[#This Row],[Measured Reps]]-Table110[[#This Row],[True Reps]] -> 0 | E13: =ABS(Table110[[#This Row],[Error]]) -> 0
A14: 13 | B14: 8 | C14: 8 | D14: =Table110[[#This Row],[Measured Reps]]-Table110[[#This Row],[True Reps]] -> 0 | E14: =ABS(Table110[[#This Row],[Error]]) -> 0
A15: 14 | B15: 8 | C15: 8 | D15: =Table110[[#This Row],[Measured Reps]]-Table110[[#This Row],[True Reps]] -> 0 | E15: =ABS(Table110[[#This Row],[Error]]) -> 0
A16: 15 | B16: 8 | C16: 8 | D16: =Table110[[#This Row],[Measured Reps]]-Table110[[#This Row],[True Reps]] -> 0 | E16: =ABS(Table110[[#This Row],[Error]]) -> 0
A17: 16 | B17: 8 | C17: 8 | D17: =Table110[[#This Row],[Measured Reps]]-Table110[[#This Row],[True Reps]] -> 0 | E17: =ABS(Table110[[#This Row],[Error]]) -> 0
A18: 17 | B18: 6 | C18: 6 | D18: =Table110[[#This Row],[Measured Reps]]-Table110[[#This Row],[True Reps]] -> 0 | E18: =ABS(Table110[[#This Row],[Error]]) -> 0
... A21: 20 | B21: 6 | C21: 6 | D21: =Table110[[#This Row],[Measured Reps]]-Table110[[#This Row],[True Reps]] -> 0 | E21: =ABS(Table110[[#This Row],[Error]]) -> 0

Sheet Squats
A1: Test | B1: True Reps | C1: Measured Reps | D1: Error | E1: Absolute Error | G1: Mean Error= | H1: =AVERAGE(D2:D21) -> 0.05 | J1: Error | K1: Frequency
A2: 1 | B2: 15 | C2: 15 | D2: =Table1107[[#This Row],[Measured Reps]]-Table1107[[#This Row],[True Reps]] -> 0 | E2: =ABS(Table1107[[#This Row],[Error]]) -> 0 | G2: Mean of Absolute Error = | H2: =AVERAGE(E2:E21) -> 0.05 | J2: -2 | K2: =COUNTIF($D$2:$D$21,J2) -> 0
A3: 2 | B3: 15 | C3: 15 | D3: =Table1107[[#This Row],[Measured Reps]]-Table1107[[#This Row],[True Reps]] -> 0 | E3: =ABS(Table1107[[#This Row],[Error]]) -> 0 | G3: Standard Deviation of Error = | H3: =_xlfn.STDEV.S(D2:D21) -> 0.2236068 | J3: -1 | K3: =COUNTIF($D$2:$D$21,J3) -> 0
A4: 3 | B4: 15 | C4: 15 | D4: =Table1107[[#This Row],[Measured Reps]]-Table1107[[#This Row],[True Reps]] -> 0 | E4: =ABS(Table1107[[#This Row],[Error]]) -> 0 | G4: Mean of True/Actual Reps = | H4: =AVERAGE(B2:B21) -> 10.2 | J4: 0 | K4: =COUNTIF($D$2:$D$21,J4) -> 19
A5: 4 | B5: 15 | C5: 15 | D5: =Table1107[[#This Row],[Measured Reps]]-Table1107[[#This Row],[True Reps]] -> 0 | E5: =ABS(Table1107[[#This Row],[Error]]) -> 0 | G5: Device Accuracy = | H5: =1-(H2/H4) -> 0.99509804 | J5: 1 | K5: =COUNTIF($D$2:$D$21,J5) -> 1
A6: 5 | B6: 12 | C6: 12 | D6: =Table1107[[#This Row],[Measured Reps]]-Table1107[[#This Row],[True Reps]] -> 0 | E6: =ABS(Table1107[[#This Row],[Error]]) -> 0 | J6: 2 | K6: =COUNTIF($D$2:$D$21,J6) -> 0
A7: 6 | B7: 12 | C7: 12 | D7: =Table1107[[#This Row],[Measured Reps]]-Table1107[[#This Row],[True Reps]] -> 0 | E7: =ABS(Table1107[[#This Row],[Error]]) -> 0
A8: 7 | B8: 12 | C8: 12 | D8: =Table1107[[#This Row],[Measured Reps]]-Table1107[[#This Row],[True Reps]] -> 0 | E8: =ABS(Table1107[[#This Row],[Error]]) -> 0
A9: 8 | B9: 12 | C9: 12 | D9: =Table1107[[#This Row],[Measured Reps]]-Table1107[[#This Row],[True Reps]] -> 0 | E9: =ABS(Table1107[[#This Row],[Error]]) -> 0
A10: 9 | B10: 10 | C10: 10 | D10: =Table1107[[#This Row],[Measured Reps]]-Table1107[[#This Row],[True Reps]] -> 0 | E10: =ABS(Table1107[[#This Row],[Error]]) -> 0
A11: 10 | B11: 10 | C11: 10 | D11: =Table1107[[#This Row],[Measured Reps]]-Table1107[[#This Row],[True Reps]] -> 0 | E11: =ABS(Table1107[[#This Row],[Error]]) -> 0
A12: 11 | B12: 10 | C12: 10 | D12: =Table1107[[#This Row],[Measured Reps]]-Table1107[[#This Row],[True Reps]] -> 0 | E12: =ABS(Table1107[[#This Row],[Error]]) -> 0
A13: 12 | B13: 10 | C13: 10 | D13: =Table1107[[#This Row],[Measured Reps]]-Table1107[[#This Row],[True Reps]] -> 0 | E13: =ABS(Table1107[[#This Row],[Error]]) -> 0
A14: 13 | B14: 8 | C14: 8 | D14: =Table1107[[#This Row],[Measured Reps]]-Table1107[[#This Row],[True Reps]] -> 0 | E14: =ABS(Table1107[[#This Row],[Error]]) -> 0
A15: 14 | B15: 8 | C15: 8 | D15: =Table1107[[#This Row],[Measured Reps]]-Table1107[[#This Row],[True Reps]] -> 0 | E15: =ABS(Table1107[[#This Row],[Error]]) -> 0
A16: 15 | B16: 8 | C16: 8 | D16: =Table1107[[#This Row],[Measured Reps]]-Table1107[[#This Row],[True Reps]] -> 0 | E16: =ABS(Table1107[[#This Row],[Error]]) -> 0
A17: 16 | B17: 8 | C17: 9 | D17: =Table1107[[#This Row],[Measured Reps]]-Table1107[[#This Row],[True Reps]] -> 1 | E17: =ABS(Table1107[[#This Row],[Error]]) -> 1
A18: 17 | B18: 6 | C18: 6 | D18: =Table1107[[#This Row],[Measured Reps]]-Table1107[[#This Row],[True Reps]] -> 0 | E18: =ABS(Table1107[[#This Row],[Error]]) -> 0
... A21: 20 | B21: 6 | C21: 6 | D21: =Table1107[[#This Row],[Measured Reps]]-Table1107[[#This Row],[True Reps]] -> 0 | E21: =ABS(Table1107[[#This Row],[Error]]) -> 0

Sheet Shoulder Press
A1: Test | B1: True Reps | C1: Measured Reps | D1: Error | E1: Absolute Error | G1: Mean Error= | H1: =AVERAGE(D2:D21) -> 0.2 | J1: Error | K1: Frequency
A2: 1 | B2: 15 | C2: 15 | D2: =Table1104[[#This Row],[Measured Reps]]-Table1104[[#This Row],[True Reps]] -> 0 | E2: =ABS(Table1104[[#This Row],[Error]]) -> 0 | G2: Mean of Absolute Error = | H2: =AVERAGE(E2:E21) -> 0.2 | J2: -2 | K2: =COUNTIF($D$2:$D$21,J2) -> 0
A3: 2 | B3: 15 | C3: 15 | D3: =Table1104[[#This Row],[Measured Reps]]-Table1104[[#This Row],[True Reps]] -> 0 | E3: =ABS(Table1104[[#This Row],[Error]]) -> 0 | G3: Standard Deviation of Error = | H3: =_xlfn.STDEV.S(D2:D21) -> 0.41039134 | J3: -1 | K3: =COUNTIF($D$2:$D$21,J3) -> 0
A4: 3 | B4: 15 | C4: 15 | D4: =Table1104[[#This Row],[Measured Reps]]-Table1104[[#This Row],[True Reps]] -> 0 | E4: =ABS(Table1104[[#This Row],[Error]]) -> 0 | G4: Mean of True/Actual Reps = | H4: =AVERAGE(B2:B21) -> 10.2 | J4: 0 | K4: =COUNTIF($D$2:$D$21,J4) -> 16
A5: 4 | B5: 15 | C5: 15 | D5: =Table1104[[#This Row],[Measured Reps]]-Table1104[[#This Row],[True Reps]] -> 0 | E5: =ABS(Table1104[[#This Row],[Error]]) -> 0 | G5: Device Accuracy = | H5: =1-(H2/H4) -> 0.98039216 | J5: 1 | K5: =COUNTIF($D$2:$D$21,J5) -> 4
A6: 5 | B6: 12 | C6: 12 | D6: =Table1104[[#This Row],[Measured Reps]]-Table1104[[#This Row],[True Reps]] -> 0 | E6: =ABS(Table1104[[#This Row],[Error]]) -> 0 | J6: 2 | K6: =COUNTIF($D$2:$D$21,J6) -> 0
A7: 6 | B7: 12 | C7: 12 | D7: =Table1104[[#This Row],[Measured Reps]]-Table1104[[#This Row],[True Reps]] -> 0 | E7: =ABS(Table1104[[#This Row],[Error]]) -> 0
A8: 7 | B8: 12 | C8: 12 | D8: =Table1104[[#This Row],[Measured Reps]]-Table1104[[#This Row],[True Reps]] -> 0 | E8: =ABS(Table1104[[#This Row],[Error]]) -> 0
A9: 8 | B9: 12 | C9: 13 | D9: =Table1104[[#This Row],[Measured Reps]]-Table1104[[#This Row],[True Reps]] -> 1 | E9: =ABS(Table1104[[#This Row],[Error]]) -> 1
A10: 9 | B10: 10 | C10: 10 | D10: =Table1104[[#This Row],[Measured Reps]]-Table1104[[#This Row],[True Reps]] -> 0 | E10: =ABS(Table1104[[#This Row],[Error]]) -> 0
A11: 10 | B11: 10 | C11: 10 | D11: =Table1104[[#This Row],[Measured Reps]]-Table1104[[#This Row],[True Reps]] -> 0 | E11: =ABS(Table1104[[#This Row],[Error]]) -> 0
A12: 11 | B12: 10 | C12: 10 | D12: =Table1104[[#This Row],[Measured Reps]]-Table1104[[#This Row],[True Reps]] -> 0 | E12: =ABS(Table1104[[#This Row],[Error]]) -> 0
A13: 12 | B13: 10 | C13: 10 | D13: =Table1104[[#This Row],[Measured Reps]]-Table1104[[#This Row],[True Reps]] -> 0 | E13: =ABS(Table1104[[#This Row],[Error]]) -> 0
A14: 13 | B14: 8 | C14: 9 | D14: =Table1104[[#This Row],[Measured Reps]]-Table1104[[#This Row],[True Reps]] -> 1 | E14: =ABS(Table1104[[#This Row],[Error]]) -> 1
A15: 14 | B15: 8 | C15: 8 | D15: =Table1104[[#This Row],[Measured Reps]]-Table1104[[#This Row],[True Reps]] -> 0 | E15: =ABS(Table1104[[#This Row],[Error]]) -> 0
A16: 15 | B16: 8 | C16: 9 | D16: =Table1104[[#This Row],[Measured Reps]]-Table1104[[#This Row],[True Reps]] -> 1 | E16: =ABS(Table1104[[#This Row],[Error]]) -> 1
A17: 16 | B17: 8 | C17: 8 | D17: =Table1104[[#This Row],[Measured Reps]]-Table1104[[#This Row],[True Reps]] -> 0 | E17: =ABS(Table1104[[#This Row],[Error]]) -> 0
A18: 17 | B18: 6 | C18: 6 | D18: =Table1104[[#This Row],[Measured Reps]]-Table1104[[#This Row],[True Reps]] -> 0 | E18: =ABS(Table1104[[#This Row],[Error]]) -> 0
... A21: 20 | B21: 6 | C21: 6 | D21: =Table1104[[#This Row],[Measured Reps]]-Table1104[[#This Row],[True Reps]] -> 0 | E21: =ABS(Table1104[[#This Row],[Error]]) -> 0

Sheet Bench Press
A1: Test | B1: True Reps | C1: Measured Reps | D1: Error | E1: Absolute Error | G1: Mean Error= | H1: =AVERAGE(D2:D21) -> -0.05 | J1: Error | K1: Frequency
A2: 1 | B2: 15 | C2: 15 | D2: =Table1105[[#This Row],[Measured Reps]]-Table1105[[#This Row],[True Reps]] -> 0 | E2: =ABS(Table1105[[#This Row],[Error]]) -> 0 | G2: Mean of Absolute Error = | H2: =AVERAGE(E2:E21) -> 0.05 | J2: -2 | K2: =COUNTIF($D$2:$D$21,J2) -> 0
A3: 2 | B3: 15 | C3: 15 | D3: =Table1105[[#This Row],[Measured Reps]]-Table1105[[#This Row],[True Reps]] -> 0 | E3: =ABS(Table1105[[#This Row],[Error]]) -> 0 | G3: Standard Deviation of Error = | H3: =_xlfn.STDEV.S(D2:D21) -> 0.2236068 | J3: -1 | K3: =COUNTIF($D$2:$D$21,J3) -> 1
A4: 3 | B4: 15 | C4: 15 | D4: =Table1105[[#This Row],[Measured Reps]]-Table1105[[#This Row],[True Reps]] -> 0 | E4: =ABS(Table1105[[#This Row],[Error]]) -> 0 | G4: Mean of True/Actual Reps = | H4: =AVERAGE(B2:B21) -> 10.2 | J4: 0 | K4: =COUNTIF($D$2:$D$21,J4) -> 19
A5: 4 | B5: 15 | C5: 15 | D5: =Table1105[[#This Row],[Measured Reps]]-Table1105[[#This Row],[True Reps]] -> 0 | E5: =ABS(Table1105[[#This Row],[Error]]) -> 0 | G5: Device Accuracy = | H5: =1-(H2/H4) -> 0.99509804 | J5: 1 | K5: =COUNTIF($D$2:$D$21,J5) -> 0
A6: 5 | B6: 12 | C6: 12 | D6: =Table1105[[#This Row],[Measured Reps]]-Table1105[[#This Row],[True Reps]] -> 0 | E6: =ABS(Table1105[[#This Row],[Error]]) -> 0 | J6: 2 | K6: =COUNTIF($D$2:$D$21,J6) -> 0
A7: 6 | B7: 12 | C7: 12 | D7: =Table1105[[#This Row],[Measured Reps]]-Table1105[[#This Row],[True Reps]] -> 0 | E7: =ABS(Table1105[[#This Row],[Error]]) -> 0
A8: 7 | B8: 12 | C8: 12 | D8: =Table1105[[#This Row],[Measured Reps]]-Table1105[[#This Row],[True Reps]] -> 0 | E8: =ABS(Table1105[[#This Row],[Error]]) -> 0
A9: 8 | B9: 12 | C9: 12 | D9: =Table1105[[#This Row],[Measured Reps]]-Table1105[[#This Row],[True Reps]] -> 0 | E9: =ABS(Table1105[[#This Row],[Error]]) -> 0
A10: 9 | B10: 10 | C10: 10 | D10: =Table1105[[#This Row],[Measured Reps]]-Table1105[[#This Row],[True Reps]] -> 0 | E10: =ABS(Table1105[[#This Row],[Error]]) -> 0
A11: 10 | B11: 10 | C11: 10 | D11: =Table1105[[#This Row],[Measured Reps]]-Table1105[[#This Row],[True Reps]] -> 0 | E11: =ABS(Table1105[[#This Row],[Error]]) -> 0
A12: 11 | B12: 10 | C12: 10 | D12: =Table1105[[#This Row],[Measured Reps]]-Table1105[[#This Row],[True Reps]] -> 0 | E12: =ABS(Table1105[[#This Row],[Error]]) -> 0
A13: 12 | B13: 10 | C13: 10 | D13: =Table1105[[#This Row],[Measured Reps]]-Table1105[[#This Row],[True Reps]] -> 0 | E13: =ABS(Table1105[[#This Row],[Error]]) -> 0
A14: 13 | B14: 8 | C14: 7 | D14: =Table1105[[#This Row],[Measured Reps]]-Table1105[[#This Row],[True Reps]] -> -1 | E14: =ABS(Table1105[[#This Row],[Error]]) -> 1
A15: 14 | B15: 8 | C15: 8 | D15: =Table1105[[#This Row],[Measured Reps]]-Table1105[[#This Row],[True Reps]] -> 0 | E15: =ABS(Table1105[[#This Row],[Error]]) -> 0
A16: 15 | B16: 8 | C16: 8 | D16: =Table1105[[#This Row],[Measured Reps]]-Table1105[[#This Row],[True Reps]] -> 0 | E16: =ABS(Table1105[[#This Row],[Error]]) -> 0
A17: 16 | B17: 8 | C17: 8 | D17: =Table1105[[#This Row],[Measured Reps]]-Table1105[[#This Row],[True Reps]] -> 0 | E17: =ABS(Table1105[[#This Row],[Error]]) -> 0
A18: 17 | B18: 6 | C18: 6 | D18: =Table1105[[#This Row],[Measured Reps]]-Table1105[[#This Row],[True Reps]] -> 0 | E18: =ABS(Table1105[[#This Row],[Error]]) -> 0
... A21: 20 | B21: 6 | C21: 6 | D21: =Table1105[[#This Row],[Measured Reps]]-Table1105[[#This Row],[True Reps]] -> 0 | E21: =ABS(Table1105[[#This Row],[Error]]) -> 0

Sheet Jumping Jacks
A1: Test | B1: True Reps | C1: Measured Reps | D1: Error | E1: Absolute Error | G1: Mean Error= | H1: =AVERAGE(D2:D21) -> 0.45 | J1: Error | K1: Frequency
A2: 1 | B2: 15 | C2: 16 | D2: =Table1106[[#This Row],[Measured Reps]]-Table1106[[#This Row],[True Reps]] -> 1 | E2: =ABS(Table1106[[#This Row],[Error]]) -> 1 | G2: Mean of Absolute Error = | H2: =AVERAGE(E2:E21) -> 0.75 | J2: -2 | K2: =COUNTIF($D$2:$D$21,J2) -> 1
A3: 2 | B3: 15 | C3: 13 | D3: =Table1106[[#This Row],[Measured Reps]]-Table1106[[#This Row],[True Reps]] -> -2 | E3: =ABS(Table1106[[#This Row],[Error]]) -> 2 | G3: Standard Deviation of Error = | H3: =_xlfn.STDEV.S(D2:D21) -> 0.82557795 | J3: -1 | K3: =COUNTIF($D$2:$D$21,J3) -> 1
A4: 3 | B4: 15 | C4: 16 | D4: =Table1106[[#This Row],[Measured Reps]]-Table1106[[#This Row],[True Reps]] -> 1 | E4: =ABS(Table1106[[#This Row],[Error]]) -> 1 | G4: Mean of True/Actual Reps = | H4: =AVERAGE(B2:B21) -> 10.2 | J4: 0 | K4: =COUNTIF($D$2:$D$21,J4) -> 6
A5: 4 | B5: 15 | C5: 16 | D5: =Table1106[[#This Row],[Measured Reps]]-Table1106[[#This Row],[True Reps]] -> 1 | E5: =ABS(Table1106[[#This Row],[Error]]) -> 1 | G5: Device Accuracy = | H5: =1-(H2/H4) -> 0.92647059 | J5: 1 | K5: =COUNTIF($D$2:$D$21,J5) -> 12
A6: 5 | B6: 12 | C6: 12 | D6: =Table1106[[#This Row],[Measured Reps]]-Table1106[[#This Row],[True Reps]] -> 0 | E6: =ABS(Table1106[[#This Row],[Error]]) -> 0 | J6: 2 | K6: =COUNTIF($D$2:$D$21,J6) -> 0
A7: 6 | B7: 12 | C7: 12 | D7: =Table1106[[#This Row],[Measured Reps]]-Table1106[[#This Row],[True Reps]] -> 0 | E7: =ABS(Table1106[[#This Row],[Error]]) -> 0
A8: 7 | B8: 12 | C8: 12 | D8: =Table1106[[#This Row],[Measured Reps]]-Table1106[[#This Row],[True Reps]] -> 0 | E8: =ABS(Table1106[[#This Row],[Error]]) -> 0
A9: 8 | B9: 12 | C9: 13 | D9: =Table1106[[#This Row],[Measured Reps]]-Table1106[[#This Row],[True Reps]] -> 1 | E9: =ABS(Table1106[[#This Row],[Error]]) -> 1
A10: 9 | B10: 10 | C10: 11 | D10: =Table1106[[#This Row],[Measured Reps]]-Table1106[[#This Row],[True Reps]] -> 1 | E10: =ABS(Table1106[[#This Row],[Error]]) -> 1
A11: 10 | B11: 10 | C11: 11 | D11: =Table1106[[#This Row],[Measured Reps]]-Table1106[[#This Row],[True Reps]] -> 1 | E11: =ABS(Table1106[[#This Row],[Error]]) -> 1
A12: 11 | B12: 10 | C12: 9 | D12: =Table1106[[#This Row],[Measured Reps]]-Table1106[[#This Row],[True Reps]] -> -1 | E12: =ABS(Table1106[[#This Row],[Error]]) -> 1
A13: 12 | B13: 10 | C13: 11 | D13: =Table1106[[#This Row],[Measured Reps]]-Table1106[[#This Row],[True Reps]] -> 1 | E13: =ABS(Table1106[[#This Row],[Error]]) -> 1
A14: 13 | B14: 8 | C14: 9 | D14: =Table1106[[#This Row],[Measured Reps]]-Table1106[[#This Row],[True Reps]] -> 1 | E14: =ABS(Table1106[[#This Row],[Error]]) -> 1
A15: 14 | B15: 8 | C15: 8 | D15: =Table1106[[#This Row],[Measured Reps]]-Table1106[[#This Row],[True Reps]] -> 0 | E15: =ABS(Table1106[[#This Row],[Error]]) -> 0
A16: 15 | B16: 8 | C16: 9 | D16: =Table1106[[#This Row],[Measured Reps]]-Table1106[[#This Row],[True Reps]] -> 1 | E16: =ABS(Table1106[[#This Row],[Error]]) -> 1
A17: 16 | B17: 8 | C17: 9 | D17: =Table1106[[#This Row],[Measured Reps]]-Table1106[[#This Row],[True Reps]] -> 1 | E17: =ABS(Table1106[[#This Row],[Error]]) -> 1
A18: 17 | B18: 6 | C18: 7 | D18: =Table1106[[#This Row],[Measured Reps]]-Table1106[[#This Row],[True Reps]] -> 1 | E18: =ABS(Table1106[[#This Row],[Error]]) -> 1
... A21: 20 | B21: 6 | C21: 7 | D21: =Table1106[[#This Row],[Measured Reps]]-Table1106[[#This Row],[True Reps]] -> 1 | E21: =ABS(Table1106[[#This Row],[Error]]) -> 1

Sheet Summary
A1: Exercise | B1: Mean Error | C1: Mean Absolute Error | D1: Standard Deviation of Error | E1: Mean True Reps | F1: Accuracy | J1: Error | K1: Total Frequency
A2: Bicep Curl | B2: ='Bicep Curl'!H1 -> 0.05 | C2: ='Bicep Curl'!H2 -> 0.05 | D2: ='Bicep Curl'!H3 -> 0.2236068 | E2: ='Bicep Curl'!H4 -> 10.2 | F2: ='Bicep Curl'!H5 -> 0.99509804 | J2: -2 | K2: =COUNTIF('Bicep Curl'!D2:D21,J2)+COUNTIF(Squats!D2:D21,J2)+COUNTIF('Shoulder Press'!D2:D21,J2)+COUNTIF('Bench Press'!D2:D21,J2)+COUNTIF('Jumping Jacks'!D2:D21,J2) -> 1
A3: Squats | B3: =Squats!H1 -> 0.05 | C3: =Squats!H2 -> 0.05 | D3: =Squats!H3 -> 0.2236068 | E3: =Squats!H4 -> 10.2 | F3: =Squats!H5 -> 0.99509804 | J3: -1 | K3: =COUNTIF('Bicep Curl'!D2:D21,J3)+COUNTIF(Squats!D2:D21,J3)+COUNTIF('Shoulder Press'!D2:D21,J3)+COUNTIF('Bench Press'!D2:D21,J3)+COUNTIF('Jumping Jacks'!D2:D21,J3) -> 2
A4: Shoulder Press | B4: ='Shoulder Press'!H1 -> 0.2 | C4: ='Shoulder Press'!H2 -> 0.2 | D4: ='Shoulder Press'!H3 -> 0.41039134 | E4: ='Shoulder Press'!H4 -> 10.2 | F4: ='Shoulder Press'!H5 -> 0.98039216 | J4: 0 | K4: =COUNTIF('Bicep Curl'!D2:D21,J4)+COUNTIF(Squats!D2:D21,J4)+COUNTIF('Shoulder Press'!D2:D21,J4)+COUNTIF('Bench Press'!D2:D21,J4)+COUNTIF('Jumping Jacks'!D2:D21,J4) -> 79
A5: Bench Press | B5: ='Bench Press'!H1 -> -0.05 | C5: ='Bench Press'!H2 -> 0.05 | D5: ='Bench Press'!H3 -> 0.2236068 | E5: ='Bench Press'!H4 -> 10.2 | F5: ='Bench Press'!H5 -> 0.99509804 | J5: 1 | K5: =COUNTIF('Bicep Curl'!D2:D21,J5)+COUNTIF(Squats!D2:D21,J5)+COUNTIF('Shoulder Press'!D2:D21,J5)+COUNTIF('Bench Press'!D2:D21,J5)+COUNTIF('Jumping Jacks'!D2:D21,J5) -> 18
A6: Jumping Jacks | B6: ='Jumping Jacks'!H1 -> 0.45 | C6: ='Jumping Jacks'!H2 -> 0.75 | D6: ='Jumping Jacks'!H3 -> 0.82557795 | E6: ='Jumping Jacks'!H4 -> 10.2 | F6: ='Jumping Jacks'!H5 -> 0.92647059 | J6: 2 | K6: =COUNTIF('Bicep Curl'!D2:D21,J6)+COUNTIF(Squats!D2:D21,J6)+COUNTIF('Shoulder Press'!D2:D21,J6)+COUNTIF('Bench Press'!D2:D21,J6)+COUNTIF('Jumping Jacks'!D2:D21,J6) -> 0
A8: Overall:
A9: Mean Error = | B9: =AVERAGE('Bicep Curl'!D2:D21,'Bench Press'!D2:D21,Squats!D2:D21,'Shoulder Press'!D2:D21,,'Jumping Jacks'!D2:D21) -> 0.13861386
A10: Mean Absolute Error = | B10: =AVERAGE('Bicep Curl'!E2:E21,'Bench Press'!E2:E21,Squats!E2:E21,'Shoulder Press'!E2:E21,'Jumping Jacks'!E2:E21) -> 0.22
A11: Standard Deviation of Error = | B11: =_xlfn.STDEV.S('Bicep Curl'!D2:D21,'Bench Press'!D2:D21,Squats!D2:D21,'Shoulder Press'!D2:D21,'Jumping Jacks'!D2:D21) -> 0.47183288
A12: Mean True Reps = | B12: =AVERAGE('Bicep Curl'!B2:B21,'Bench Press'!B2:B21,Squats!B2:B21,'Shoulder Press'!B2:B21,'Jumping Jacks'!B2:B21) -> 10.2
A13: Accuracy = | B13: =1-(B10/B12) -> 0.97843137
